(W m-2),a no aerosol,b aerosol in SW,b aerosol in SW - a no aerosol
Outgoing longwave radiation,278.6499938964844,280.0400085449219,1.3899999856948853
Surface net upward,46.869998931884766,48.599998474121094,1.7300000190734863
Atmosphere cooling,231.77000427246094,231.42999267578125,-0.3400000035762787
