(W m-2),a no aerosol,b aerosol,b aerosol - a no aerosol
Outgoing longwave radiation,237.49000549316406,237.49000549316406,0.0
Surface net upward,35.72999954223633,35.72999954223633,0.0
Atmosphere cooling,201.77000427246094,201.77000427246094,0.0
