(W m-2),a no aerosol,b aerosol in SW,b aerosol in SW - a no aerosol
Incoming solar radiation,273.6099853515625,277.5799865722656,3.9700000286102295
Surface net downward,174.17999267578125,179.32000732421875,5.139999866485596
Atmosphere heating,99.43000030517578,98.26000213623047,-1.1699999570846558
